{
    "inPos_mean": [
        0.09516084939241409,
        0.26345646381378174,
        -0.04920295625925064
    ],
    "inPos_stdinv": [
        0.11583198606967926,
        0.12538687884807587,
        0.11692623049020767
    ],
    "inDir_mean": [
        0.002643923508003354,
        -0.001465028035454452,
        -0.0018730281153693795
    ],
    "inDir_stdinv": [
        1.5336166620254517,
        1.501286268234253,
        1.5239708423614502
    ],
    "outPos_mean": [
        0.11630041152238846,
        0.252533882856369,
        -0.07309407740831375
    ],
    "outPos_stdinv": [
        0.11480769515037537,
        0.12423186004161835,
        0.11480654776096344
    ],
    "outDir_mean": [
        -1.1289263966318686e-05,
        -2.178817339881789e-05,
        0.0013294399250298738
    ],
    "outDir_stdinv": [
        1.5277577638626099,
        1.511230707168579,
        1.5191971063613892
    ],
    "inNormal_mean": [
        -0.0031325400341302156,
        0.0022242828272283077,
        0.0018171006813645363
    ],
    "inNormal_stdinv": [
        1.5486525297164917,
        1.485034465789795,
        1.5275797843933105
    ],
    "outNormal_mean": [
        -0.0010524506215006113,
        0.0006510532693937421,
        0.0023500281386077404
    ],
    "outNormal_stdinv": [
        1.5537089109420776,
        1.4901037216186523,
        1.517347812652588
    ],
    "throughput_mean": [
        1.0000001192092896,
        1.0000001192092896,
        1.0000001192092896
    ],
    "throughput_stdinv": [
        3.1622776985168457,
        3.1622776985168457,
        3.1622776985168457
    ],
    "absorptionProb_mean": [
        0.28016626834869385
    ],
    "absorptionProb_stdinv": [
        2.2097744941711426
    ],
    "albedo_mean": [
        0.9189317226409912,
        0.9189317226409912,
        0.9189317226409912
    ],
    "albedo_stdinv": [
        2.7759652137756348,
        2.7759652137756348,
        2.7759652137756348
    ],
    "sigmaT_mean": [
        1.9562019109725952,
        1.9562019109725952,
        1.9562019109725952
    ],
    "sigmaT_stdinv": [
        0.43310436606407166,
        0.43310436606407166,
        0.43310436606407166
    ],
    "g_mean": [
        0.6529266834259033
    ],
    "g_stdinv": [
        2.288419008255005
    ],
    "ior_mean": [
        1.2506539821624756
    ],
    "ior_stdinv": [
        2.8755197525024414
    ],
    "bounces_mean": [
        19.810549687500004
    ],
    "bounces_stdinv": [
        0.012723509697258786
    ],
    "mlsPoly3_mean": [
        0.0,
        0.00028340527205727994,
        0.00016957527259364724,
        0.000460280105471611,
        0.4502226710319519,
        -0.0191417895257473,
        0.007092027924954891,
        0.5975984930992126,
        0.016976164653897285,
        0.5213599801063538,
        0.0033574593253433704,
        -0.0028951987624168396,
        0.05682834982872009,
        0.006663018837571144,
        -0.040351398289203644,
        0.0013501341454684734,
        -0.01695951446890831,
        -0.00678103044629097,
        0.00963872205466032,
        0.0
    ],
    "mlsPoly3_stdinv": [
        0.953462541103363,
        1.8704944849014282,
        1.8155244588851929,
        1.855660319328308,
        1.122625708580017,
        1.4073071479797363,
        1.6184165477752686,
        0.7990188598632812,
        1.4591022729873657,
        0.9006441235542297,
        1.500697374343872,
        1.3608391284942627,
        1.3289639949798584,
        1.1640963554382324,
        1.0545438528060913,
        1.193792700767517,
        1.4337294101715088,
        1.0872783660888672,
        1.1156870126724243,
        0.953462541103363
    ],
    "shCoeffs_mean": [],
    "shCoeffs_stdinv": [],
    "meshIdx_mean": [
        79.50000000000003
    ],
    "meshIdx_stdinv": [
        0.021685647818477448
    ],
    "effAlbedo_mean": [
        0.578555703163147
    ],
    "effAlbedo_stdinv": [
        2.339944362640381
    ],
    "albedop_mean": [
        0.8173975348472595
    ],
    "albedop_stdinv": [
        2.392414093017578
    ],
    "mlsPolyLS3_mean": [
        0.0,
        0.000414511829148978,
        -0.00031564151868224144,
        0.5782723426818848,
        0.3911985158920288,
        0.0014232267858460546,
        0.005255433730781078,
        0.44866499304771423,
        0.0014189279172569513,
        0.7294544577598572,
        0.004186453763395548,
        -0.0001388785312883556,
        -0.01889144256711006,
        0.0034527478273957968,
        0.003516927594318986,
        0.003955100663006306,
        -0.0024012508802115917,
        -0.023054631426930428,
        -0.0021071522496640682,
        0.001669101184234023
    ],
    "mlsPolyLS3_stdinv": [
        0.953462541103363,
        2.2802956104278564,
        2.2616395950317383,
        2.5153238773345947,
        1.3201022148132324,
        1.2619959115982056,
        0.9617002606391907,
        1.1136553287506104,
        0.8526244759559631,
        0.8725652694702148,
        1.9404399394989014,
        1.4629786014556885,
        1.149787187576294,
        1.4026110172271729,
        0.8690393567085266,
        1.0617458820343018,
        1.860777735710144,
        1.1170706748962402,
        1.0463467836380005,
        1.6263524293899536
    ],
    "mlsPolyTS3_mean": [
        0.0,
        2.873812993131608e-11,
        -3.6506648398715313e-13,
        0.7138771414756775,
        0.3028737008571625,
        0.0016776631819084287,
        0.005158440209925175,
        0.3430057168006897,
        0.0014486968284472823,
        0.9234691262245178,
        0.0067266663536429405,
        0.0011863915715366602,
        -0.06957054883241653,
        0.0014579023700207472,
        -0.003278760937973857,
        0.0050284406170248985,
        -0.0010564398253336549,
        -0.0699620470404625,
        -0.005962998606264591,
        0.031238557770848274
    ],
    "mlsPolyTS3_stdinv": [
        0.953462541103363,
        3.1622776985168457,
        3.1622776985168457,
        2.4194488525390625,
        1.4708144664764404,
        1.458338737487793,
        1.1160560846328735,
        1.2768163681030273,
        1.0384715795516968,
        0.7285274863243103,
        2.091108798980713,
        1.6558862924575806,
        1.1323835849761963,
        1.6312609910964966,
        0.9163674116134644,
        0.975503146648407,
        2.0381267070770264,
        1.1584534645080566,
        0.9724104404449463,
        1.4643720388412476
    ],
    "mlsPolyAS3_mean": [
        0.0,
        -2.3319991770964776e-11,
        -0.3798026740550995,
        0.5782723426818848,
        0.32334011793136597,
        0.0004104789113625884,
        3.34531650878489e-05,
        0.5165379643440247,
        -0.4859187602996826,
        0.729454517364502,
        9.925106132868677e-05,
        0.0366283543407917,
        -0.05673043802380562,
        -0.000751109910197556,
        0.00024348893202841282,
        -0.0009163552895188332,
        0.015575559809803963,
        0.014787745662033558,
        -0.059036459773778915,
        0.0016691074706614017
    ],
    "mlsPolyAS3_stdinv": [
        0.953462541103363,
        3.1622776985168457,
        2.638117790222168,
        2.5153236389160156,
        1.403895378112793,
        1.2069647312164307,
        1.132231593132019,
        1.099381446838379,
        0.8325612545013428,
        0.8725652694702148,
        2.145779609680176,
        1.3717628717422485,
        1.246551513671875,
        1.2965538501739502,
        0.8380914926528931,
        1.1067242622375488,
        1.866237998008728,
        1.0756313800811768,
        1.0096840858459473,
        1.6263521909713745
    ],